Date,Volume,Change,Volatility,AbsChange,Trump,Stocks
2024-10-03,3597450000.0,-1.75,41.40966796875,1.75,5,24
2024-10-04,3479400000.0,-13.58984375,50.3798828125,13.58984375,5,21
2024-10-07,3637790000.0,41.85986328125,52.48974609375,41.85986328125,5,21
2024-10-08,3393400000.0,-31.98974609375,43.0400390625,31.98974609375,5,28
2024-10-09,3650340000.0,-40.240234375,51.77978515625,40.240234375,5,22
2024-10-10,3208790000.0,-1.68994140625,30.27001953125,1.68994140625,5,22
2024-10-11,3208720000.0,-39.93994140625,47.0400390625,39.93994140625,6,21
2024-10-14,3005250000.0,-30.0400390625,41.84033203125,30.0400390625,6,22
2024-10-15,3882120000.0,51.48046875,65.8798828125,51.48046875,7,23
2024-10-16,3467230000.0,-25.89013671875,38.18017578125,25.89013671875,6,23
2024-10-17,3480010000.0,34.14990234375,38.2099609375,34.14990234375,6,25
2024-10-18,3374490000.0,-5.23974609375,26.06005859375,5.23974609375,6,24
2024-10-21,3407010000.0,3.83984375,42.1298828125,3.83984375,8,24
2024-10-22,3342080000.0,-18.5,41.8701171875,18.5,7,24
2024-10-23,3532650000.0,37.080078125,72.43994140625,37.080078125,8,24
2024-10-24,3543030000.0,7.93994140625,32.8798828125,7.93994140625,8,22
2024-10-25,3501280000.0,18.6298828125,62.83984375,18.6298828125,9,24
2024-10-28,3691280000.0,10.41015625,19.83984375,10.41015625,13,23
2024-10-29,3879100000.0,-13.23974609375,45.02001953125,13.23974609375,11,25
2024-10-30,3851120000.0,18.97998046875,39.66015625,18.97998046875,10,23
2024-10-31,4425660000.0,69.8896484375,72.47998046875,69.8896484375,11,22
2024-11-01,3796450000.0,-5.57958984375,49.2998046875,5.57958984375,11,22
2024-11-04,3602060000.0,12.4599609375,44.92041015625,12.4599609375,13,23
2024-11-05,3768310000.0,-60.32958984375,61.33984375,60.32958984375,32,23
2024-11-06,6329530000.0,-64.14990234375,71.25,64.14990234375,100,43
2024-11-07,4925740000.0,-25.89013671875,36.6298828125,25.89013671875,34,43
2024-11-08,4666740000.0,-18.7802734375,35.6904296875,18.7802734375,22,38
2024-11-11,4333000000.0,7.509765625,30.6201171875,7.509765625,13,37
2024-11-12,4243400000.0,19.60986328125,49.83984375,19.60986328125,13,42
2024-11-13,4220180000.0,0.3701171875,42.27978515625,0.3701171875,15,40
2024-11-14,4184570000.0,40.51025390625,51.60009765625,40.51025390625,11,35
2024-11-15,4590960000.0,42.169921875,62.31005859375,42.169921875,9,33
2024-11-18,3983860000.0,-19.4501953125,42.169921875,19.4501953125,7,30
2024-11-19,4036940000.0,-46.93017578125,68.2197265625,46.93017578125,7,30
2024-11-20,3772620000.0,-2.77001953125,60.10986328125,2.77001953125,7,32
2024-11-21,4230120000.0,-8.1298828125,76.06005859375,8.1298828125,6,32
2024-11-22,4141420000.0,-24.97998046875,28.5400390625,24.97998046875,5,30
2024-11-25,5633150000.0,4.90966796875,56.83984375,4.90966796875,4,29
2024-11-26,3835170000.0,-21.60009765625,33.14990234375,21.60009765625,5,28
2024-11-27,3363340000.0,15.36962890625,35.2900390625,15.36962890625,4,26
2024-11-29,2444420000.0,-28.39990234375,40.18994140625,28.39990234375,4,23
2024-12-02,4412470000.0,-7.0400390625,18.25,7.0400390625,4,28
2024-12-03,4095000000.0,-6.90966796875,18.6796875,6.90966796875,4,31
2024-12-04,4003390000.0,-17.10009765625,28.77978515625,17.10009765625,3,33
2024-12-05,4212020000.0,13.919921875,21.64990234375,13.919921875,3,34
2024-12-06,3924830000.0,-8.89013671875,19.990234375,8.89013671875,3,32
2024-12-09,4556460000.0,30.15966796875,39.8798828125,30.15966796875,4,30
2024-12-10,4048410000.0,22.6796875,35.509765625,22.6796875,3,30
2024-12-11,4269950000.0,-24.0400390625,32.43994140625,24.0400390625,3,30
2024-12-12,3678010000.0,23.0400390625,28.43017578125,23.0400390625,4,30
2024-12-13,3584960000.0,17.080078125,42.81005859375,17.080078125,3,27
2024-12-16,4391100000.0,-10.2900390625,26.0498046875,10.2900390625,3,29
2024-12-17,4544500000.0,1.93994140625,22.490234375,1.93994140625,3,32
2024-12-18,5246960000.0,175.48974609375,202.8798828125,175.48974609375,3,41
2024-12-19,4896880000.0,45.6298828125,69.4501953125,45.6298828125,4,35
2024-12-20,8223220000.0,-88.85009765625,149.76025390625,88.85009765625,3,29
2024-12-23,3593280000.0,-33.81982421875,75.68017578125,33.81982421875,3,25
2024-12-24,1757720000.0,-55.41015625,58.66015625,55.41015625,3,25
2024-12-26,2904530000.0,-12.61962890625,42.3798828125,12.61962890625,3,29
2024-12-27,3159610000.0,35.330078125,73.2197265625,35.330078125,3,28
2024-12-30,3433250000.0,13.72998046875,71.6298828125,13.72998046875,3,27
2024-12-31,3128350000.0,38.1103515625,60.88037109375,38.1103515625,3,27
2025-01-02,3621680000.0,34.7099609375,105.56005859375,34.7099609375,5,30
2025-01-03,3667340000.0,-51.400390625,60.6796875,51.400390625,4,28
2025-01-06,4940120000.0,7.43017578125,61.0302734375,7.43017578125,4,32
2025-01-07,4517330000.0,84.22998046875,110.0,84.22998046875,5,36
2025-01-08,4441740000.0,-7.58984375,53.1103515625,7.58984375,5,31
2025-01-10,4751930000.0,63.31005859375,82.5703125,63.31005859375,7,30
2025-01-13,4421200000.0,-54.2001953125,65.2998046875,54.2001953125,4,27
2025-01-14,4142280000.0,16.35986328125,66.5,16.35986328125,4,26
2025-01-15,4544570000.0,-44.7001953125,55.39990234375,44.7001953125,4,32
2025-01-16,4285810000.0,26.27001953125,33.9697265625,26.27001953125,5,33
2025-01-17,4366830000.0,-1.26025390625,36.52001953125,1.26025390625,6,30
2025-01-21,4702920000.0,-35.1201171875,44.6298828125,35.1201171875,45,38
2025-01-22,4323040000.0,-4.97998046875,24.68017578125,4.97998046875,25,42
2025-01-23,4432250000.0,-42.39013671875,44.06005859375,42.39013671875,20,36
2025-01-24,4214250000.0,20.18994140625,39.43994140625,20.18994140625,17,34
2025-01-27,5198750000.0,-43.23974609375,54.25,43.23974609375,11,50
2025-01-28,4473640000.0,-40.72998046875,79.91015625,40.72998046875,18,45
2025-01-29,4115310000.0,18.39013671875,49.8701171875,18.39013671875,16,37
2025-01-30,4634620000.0,-20.419921875,59.18017578125,20.419921875,13,36
2025-01-31,4843770000.0,56.26025390625,89.97998046875,56.26025390625,12,34
2025-02-03,4797210000.0,-24.919921875,98.19970703125,24.919921875,11,48
2025-02-04,4410160000.0,-39.73974609375,51.60986328125,39.73974609375,10,35
2025-02-05,4756250000.0,-41.02978515625,55.7998046875,41.02978515625,11,35
2025-02-06,4847120000.0,-11.349609375,37.19970703125,11.349609375,10,33
2025-02-07,4766900000.0,57.1396484375,81.31982421875,57.1396484375,8,32
2025-02-10,4458760000.0,-20.0400390625,28.5400390625,20.0400390625,13,25
2025-02-11,4324880000.0,-19.18017578125,33.93994140625,19.18017578125,9,31
2025-02-12,4627960000.0,-26.89013671875,60.0,26.89013671875,8,29
2025-02-13,4763800000.0,-54.47998046875,65.9599609375,54.47998046875,8,29
2025-02-14,4335190000.0,0.89013671875,19.85009765625,0.89013671875,7,29
2025-02-18,4684980000.0,-7.97998046875,30.1201171875,7.97998046875,7,30
2025-02-19,4562330000.0,-26.39013671875,36.2802734375,26.39013671875,10,31
2025-02-20,4813690000.0,16.97998046875,49.91015625,16.97998046875,10,29
2025-02-21,5434560000.0,100.97021484375,106.259765625,100.97021484375,9,31
2025-02-24,4990120000.0,43.43994140625,65.81982421875,43.43994140625,7,32
2025-02-25,5374690000.0,27.47998046875,84.15966796875,27.47998046875,7,34
2025-02-26,4869580000.0,14.81005859375,77.1298828125,14.81005859375,9,28
2025-02-27,5057680000.0,120.31005859375,134.91015625,120.31005859375,8,30
2025-02-28,6441140000.0,-97.759765625,121.73974609375,97.759765625,12,30
2025-03-03,5613850000.0,118.60986328125,175.1796875,118.60986328125,8,30
2025-03-04,6138110000.0,33.830078125,132.490234375,33.830078125,11,54
2025-03-05,5285970000.0,-61.27001953125,118.23974609375,61.27001953125,18,37
2025-03-06,5165080000.0,47.35009765625,100.43994140625,47.35009765625,10,35
2025-03-07,5705140000.0,-44.1904296875,116.7197265625,44.1904296875,8,34
2025-03-10,6409370000.0,90.81005859375,141.35009765625,90.81005859375,6,47
2025-03-11,6221240000.0,31.580078125,107.8896484375,31.580078125,7,55
2025-03-12,5219830000.0,25.5400390625,96.10009765625,25.5400390625,7,45
2025-03-13,5018980000.0,72.93017578125,93.1298828125,72.93017578125,7,40
2025-03-14,4863180000.0,-75.08984375,81.419921875,75.08984375,7,35
2025-03-17,5031770000.0,-39.52001953125,72.39990234375,39.52001953125,6,27
2025-03-18,4666270000.0,39.86962890625,56.77001953125,39.86962890625,6,29
2025-03-19,4660090000.0,-42.919921875,93.1298828125,42.919921875,6,31
2025-03-20,4678420000.0,-15.97021484375,78.81982421875,15.97021484375,7,28
2025-03-21,9367460000.0,-36.830078125,67.73974609375,36.830078125,6,26
2025-03-24,4517990000.0,-49.48974609375,57.06005859375,49.48974609375,8,25
2025-03-25,4467340000.0,-0.68994140625,26.5302734375,0.68994140625,6,26
2025-03-26,4183140000.0,59.4599609375,89.2099609375,59.4599609375,5,26
2025-03-27,4403460000.0,2.330078125,61.33984375,2.330078125,5,24
2025-03-28,4513330000.0,98.26025390625,113.47021484375,98.26025390625,5,26
2025-03-31,5257250000.0,-83.93994140625,138.830078125,83.93994140625,6,28
2025-04-01,4434500000.0,-35.5400390625,92.0498046875,35.5400390625,5,29
2025-04-02,4243830000.0,-90.21044921875,123.830078125,90.21044921875,7,35
2025-04-03,7210470000.0,96.22021484375,108.69970703125,96.22021484375,8,71
2025-04-04,8853500000.0,218.06005859375,222.240234375,218.06005859375,8,83
2025-04-07,8691980000.0,-108.4599609375,411.52978515625,108.4599609375,7,100
2025-04-08,7408140000.0,210.7998046875,357.05029296875,210.7998046875,7,72
2025-04-09,9489600000.0,-491.6201171875,532.90966796875,491.6201171875,9,86
2025-04-10,6677140000.0,85.10009765625,237.8798828125,85.10009765625,7,70
2025-04-11,5602550000.0,-107.7998046875,160.68994140625,107.7998046875,6,50
2025-04-14,5031440000.0,35.98974609375,101.43994140625,35.98974609375,6,35
2025-04-15,4317110000.0,15.3603515625,63.97021484375,15.3603515625,7,33
2025-04-16,4607750000.0,60.0498046875,146.4501953125,60.0498046875,6,34
2025-04-17,4714880000.0,22.75,72.72998046875,22.75,6,31
2025-04-21,4226340000.0,74.73974609375,131.31005859375,74.73974609375,5,29
2025-04-22,4666950000.0,-80.08984375,101.93994140625,80.08984375,5,31
2025-04-23,5371390000.0,20.06005859375,113.52001953125,20.06005859375,5,28
2025-04-24,4697710000.0,-103.39013671875,117.43994140625,103.39013671875,6,27
2025-04-25,4236580000.0,-35.47998046875,72.25,35.47998046875,5,25
2025-04-28,4257880000.0,0.47021484375,85.02001953125,0.47021484375,6,26
2025-04-29,4747150000.0,-51.9599609375,66.25,51.9599609375,6,25
2025-04-30,5449490000.0,-69.6201171875,148.599609375,69.6201171875,6,27
