Date,Stocks
2024-10-01,24
2024-10-02,23
2024-10-03,24
2024-10-04,21
2024-10-05,15
2024-10-06,14
2024-10-07,21
2024-10-08,28
2024-10-09,22
2024-10-10,22
2024-10-11,21
2024-10-12,15
2024-10-13,14
2024-10-14,22
2024-10-15,23
2024-10-16,23
2024-10-17,25
2024-10-18,24
2024-10-19,17
2024-10-20,14
2024-10-21,24
2024-10-22,24
2024-10-23,24
2024-10-24,22
2024-10-25,24
2024-10-26,16
2024-10-27,13
2024-10-28,23
2024-10-29,25
2024-10-30,23
2024-10-31,22
2024-11-01,22
2024-11-02,15
2024-11-03,14
2024-11-04,23
2024-11-05,23
2024-11-06,43
2024-11-07,43
2024-11-08,38
2024-11-09,25
2024-11-10,24
2024-11-11,37
2024-11-12,42
2024-11-13,40
2024-11-14,35
2024-11-15,33
2024-11-16,21
2024-11-17,20
2024-11-18,30
2024-11-19,30
2024-11-20,32
2024-11-21,32
2024-11-22,30
2024-11-23,24
2024-11-24,20
2024-11-25,29
2024-11-26,28
2024-11-27,26
2024-11-28,19
2024-11-29,23
2024-11-30,20
2024-12-01,20
2024-12-02,28
2024-12-03,31
2024-12-04,33
2024-12-05,34
2024-12-06,32
2024-12-07,23
2024-12-08,23
2024-12-09,30
2024-12-10,30
2024-12-11,30
2024-12-12,30
2024-12-13,27
2024-12-14,24
2024-12-15,20
2024-12-16,29
2024-12-17,32
2024-12-18,41
2024-12-19,35
2024-12-20,29
2024-12-21,21
2024-12-22,19
2024-12-23,25
2024-12-24,25
2024-12-25,19
2024-12-26,29
2024-12-27,28
2024-12-28,22
2024-12-29,21
2024-12-30,27
2024-12-31,27
2025-01-01,20
2025-01-02,30
2025-01-03,28
2025-01-04,24
2025-01-05,22
2025-01-06,32
2025-01-07,36
2025-01-08,31
2025-01-09,23
2025-01-10,30
2025-01-11,21
2025-01-12,18
2025-01-13,27
2025-01-14,26
2025-01-15,32
2025-01-16,33
2025-01-17,30
2025-01-18,25
2025-01-19,25
2025-01-20,25
2025-01-21,38
2025-01-22,42
2025-01-23,36
2025-01-24,34
2025-01-25,27
2025-01-26,22
2025-01-27,50
2025-01-28,45
2025-01-29,37
2025-01-30,36
2025-01-31,34
2025-02-01,27
2025-02-02,25
2025-02-03,48
2025-02-04,35
2025-02-05,35
2025-02-06,33
2025-02-07,32
2025-02-08,23
2025-02-09,19
2025-02-10,25
2025-02-11,31
2025-02-12,29
2025-02-13,29
2025-02-14,29
2025-02-15,23
2025-02-16,21
2025-02-17,21
2025-02-18,30
2025-02-19,31
2025-02-20,29
2025-02-21,31
2025-02-22,23
2025-02-23,20
2025-02-24,32
2025-02-25,34
2025-02-26,28
2025-02-27,30
2025-02-28,30
2025-03-01,21
2025-03-02,19
2025-03-03,30
2025-03-04,54
2025-03-05,37
2025-03-06,35
2025-03-07,34
2025-03-08,21
2025-03-09,21
2025-03-10,47
2025-03-11,55
2025-03-12,45
2025-03-13,40
2025-03-14,35
2025-03-15,22
2025-03-16,20
2025-03-17,27
2025-03-18,29
2025-03-19,31
2025-03-20,28
2025-03-21,26
2025-03-22,21
2025-03-23,19
2025-03-24,25
2025-03-25,26
2025-03-26,26
2025-03-27,24
2025-03-28,26
2025-03-29,20
2025-03-30,17
2025-03-31,28
2025-04-01,29
2025-04-02,35
2025-04-03,71
2025-04-04,83
2025-04-05,50
2025-04-06,38
2025-04-07,100
2025-04-08,72
2025-04-09,86
2025-04-10,70
2025-04-11,50
2025-04-12,27
2025-04-13,23
2025-04-14,35
2025-04-15,33
2025-04-16,34
2025-04-17,31
2025-04-18,22
2025-04-19,17
2025-04-20,14
2025-04-21,29
2025-04-22,31
2025-04-23,28
2025-04-24,27
2025-04-25,25
2025-04-26,16
2025-04-27,15
2025-04-28,26
2025-04-29,25
2025-04-30,27
2025-05-01,28
