Date,Trump
2024-10-01,5
2024-10-02,6
2024-10-03,5
2024-10-04,5
2024-10-05,6
2024-10-06,5
2024-10-07,5
2024-10-08,5
2024-10-09,5
2024-10-10,5
2024-10-11,6
2024-10-12,5
2024-10-13,7
2024-10-14,6
2024-10-15,7
2024-10-16,6
2024-10-17,6
2024-10-18,6
2024-10-19,6
2024-10-20,8
2024-10-21,8
2024-10-22,7
2024-10-23,8
2024-10-24,8
2024-10-25,9
2024-10-26,10
2024-10-27,11
2024-10-28,13
2024-10-29,11
2024-10-30,10
2024-10-31,11
2024-11-01,11
2024-11-02,11
2024-11-03,12
2024-11-04,13
2024-11-05,32
2024-11-06,100
2024-11-07,34
2024-11-08,22
2024-11-09,17
2024-11-10,15
2024-11-11,13
2024-11-12,13
2024-11-13,15
2024-11-14,11
2024-11-15,9
2024-11-16,7
2024-11-17,7
2024-11-18,7
2024-11-19,7
2024-11-20,7
2024-11-21,6
2024-11-22,5
2024-11-23,5
2024-11-24,5
2024-11-25,4
2024-11-26,5
2024-11-27,4
2024-11-28,4
2024-11-29,4
2024-11-30,4
2024-12-01,4
2024-12-02,4
2024-12-03,4
2024-12-04,3
2024-12-05,3
2024-12-06,3
2024-12-07,3
2024-12-08,4
2024-12-09,4
2024-12-10,3
2024-12-11,3
2024-12-12,4
2024-12-13,3
2024-12-14,4
2024-12-15,4
2024-12-16,3
2024-12-17,3
2024-12-18,3
2024-12-19,4
2024-12-20,3
2024-12-21,3
2024-12-22,3
2024-12-23,3
2024-12-24,3
2024-12-25,3
2024-12-26,3
2024-12-27,3
2024-12-28,3
2024-12-29,3
2024-12-30,3
2024-12-31,3
2025-01-01,5
2025-01-02,5
2025-01-03,4
2025-01-04,4
2025-01-05,3
2025-01-06,4
2025-01-07,5
2025-01-08,5
2025-01-09,6
2025-01-10,7
2025-01-11,4
2025-01-12,4
2025-01-13,4
2025-01-14,4
2025-01-15,4
2025-01-16,5
2025-01-17,6
2025-01-18,9
2025-01-19,18
2025-01-20,51
2025-01-21,45
2025-01-22,25
2025-01-23,20
2025-01-24,17
2025-01-25,15
2025-01-26,13
2025-01-27,11
2025-01-28,18
2025-01-29,16
2025-01-30,13
2025-01-31,12
2025-02-01,12
2025-02-02,11
2025-02-03,11
2025-02-04,10
2025-02-05,11
2025-02-06,10
2025-02-07,8
2025-02-08,9
2025-02-09,10
2025-02-10,13
2025-02-11,9
2025-02-12,8
2025-02-13,8
2025-02-14,7
2025-02-15,7
2025-02-16,7
2025-02-17,7
2025-02-18,7
2025-02-19,10
2025-02-20,10
2025-02-21,9
2025-02-22,8
2025-02-23,8
2025-02-24,7
2025-02-25,7
2025-02-26,9
2025-02-27,8
2025-02-28,12
2025-03-01,13
2025-03-02,9
2025-03-03,8
2025-03-04,11
2025-03-05,18
2025-03-06,10
2025-03-07,8
2025-03-08,6
2025-03-09,6
2025-03-10,6
2025-03-11,7
2025-03-12,7
2025-03-13,7
2025-03-14,7
2025-03-15,7
2025-03-16,6
2025-03-17,6
2025-03-18,6
2025-03-19,6
2025-03-20,7
2025-03-21,6
2025-03-22,6
2025-03-23,5
2025-03-24,8
2025-03-25,6
2025-03-26,5
2025-03-27,5
2025-03-28,5
2025-03-29,5
2025-03-30,5
2025-03-31,6
2025-04-01,5
2025-04-02,7
2025-04-03,8
2025-04-04,8
2025-04-05,8
2025-04-06,7
2025-04-07,7
2025-04-08,7
2025-04-09,9
2025-04-10,7
2025-04-11,6
2025-04-12,6
2025-04-13,6
2025-04-14,6
2025-04-15,7
2025-04-16,6
2025-04-17,6
2025-04-18,5
2025-04-19,5
2025-04-20,5
2025-04-21,5
2025-04-22,5
2025-04-23,5
2025-04-24,6
2025-04-25,5
2025-04-26,6
2025-04-27,5
2025-04-28,6
2025-04-29,6
2025-04-30,6
2025-05-01,6
